ISBN,Book_title,Category,Rental_Price,Status,Author,Publisher
978-0-06-231609-7,Sapiens,Non-Fiction,27,yes,Yuval Noah Harari,Harper
978-0-14-044926-6,Crime and Punishment,Fiction,25,no,Fyodor Dostoevsky,Penguin Classics
978-0-14-312779-6,The Boys in the Boat,Biography,24,yes,Daniel James Brown,Penguin Books
978-0-307-74176-3,The Wright Brothers,Biography,22,yes,David McCullough,Simon & Schuster
978-0-375-75253-0,The Catcher in the Rye,Fiction,18,no,J.D. Salinger,"Little, Brown and Company"
978-0-385-74322-4,The Road,Fiction,20,yes,Cormac McCarthy,Vintage
978-0-452-28423-4,The Art of War,History,15,yes,Sun Tzu,Penguin Classics
978-1-250-15126-0,A Brief History of Time,Science,28,no,Stephen Hawking,Bantam Books
978-1-56619-909-4,War and Peace,History,30,yes,Leo Tolstoy,Modern Library
978-3-16-148410-0,The Great Gatsby,Fiction,20,yes,F. Scott Fitzgerald,Scribner
