'Customer_Id','Customer_name','Customer_address','Reg_date'
'301','Anil Sharma','Mumbai-Maharashtra','2021-12-15'
'302','Sunil Kumar','Delhi-Delhi','2023-01-10'
'303','Vinil Verma','Kolkata-West Bengal','2020-05-20'
'304','Rohit Gupta','Chennai-Tamil Nadu','2021-11-25'
'305','Manish Patel','Bangalore-Karnataka','2022-08-14'
'306','Rajeev Singh','Hyderabad-Telangana','2023-02-10'
'307','Karan Joshi','Ahmedabad-Gujarat','2021-07-19'
'308','Vikas Saxena','Pune-Maharashtra','2020-03-30'
'309','Ajay Deshmukh','Jaipur-Rajasthan','2019-12-10'
'310','Naveen Khanna','Lucknow-Uttar Pradesh','2022-09-25'
