Emp_id,Emp_name,Position,Salary,Branch_no
101,Ramesh Kumar,Manager,60000,1
102,Suresh Gupta,Manager,62000,2
103,Mahesh Jaiswal,Manager,63000,3
104,Rajesh Singh,Manager,64000,4
105,Naresh Singh,Manager,65000,5
106,Dinesh Gupta,Assistant Manager,55000,1
107,Mukesh Kumhar,Assistant Manager,56000,2
108,Lokesh Rahul,Assistant Manager,57000,3
109,Jignesh Reddy,Clerk,30000,1
110,Harish Chaudhary,Clerk,31000,2
111,Prakash Raj,Clerk,32000,3
112,Amit Trivedi,Clerk,33000,4
113,Sumit Shah,Clerk,34000,5
114,Pawan Kumar,BPO,40000,1
115,Sanjay Dutt,Technician,36000,1
116,Raju Rastogi,Technician,38000,3
117,Harsh Gujral,Clerk,38000,3
118,Ravi Shastri,Clerk,32000,3
